Time,Header.seq,Header.stamp.secs,Header.stamp.nsecs,Header.frame_id,Latitude,Longitude,Altitude,UTM_easting,UTM_northing,Zone,Letter,Quality
1665533111.104788,313,1665461111,0,GPS1_Frame,42.33721160888672,-71.08686828613281,8.300000190734863,328082.34375,4689326.5,19,T,4
1665533112.1032524,314,1665461112,0,GPS1_Frame,42.33721160888672,-71.08686828613281,8.300000190734863,328082.34375,4689326.5,19,T,4
1665533113.1088524,315,1665461113,0,GPS1_Frame,42.33721160888672,-71.08686828613281,8.300000190734863,328082.3125,4689326.5,19,T,4
1665533114.0982058,316,1665461114,0,GPS1_Frame,42.33721160888672,-71.08686828613281,8.399999618530273,328082.34375,4689326.5,19,T,4
1665533115.1067653,317,1665461115,0,GPS1_Frame,42.337215423583984,-71.08686828613281,8.399999618530273,328082.1875,4689327.0,19,T,4
1665533116.110003,318,1665461116,0,GPS1_Frame,42.337215423583984,-71.08687591552734,8.5,328081.8125,4689327.0,19,T,4
1665533117.0993085,319,1665461117,0,GPS1_Frame,42.337215423583984,-71.08686828613281,8.399999618530273,328082.1875,4689327.0,19,T,4
1665533118.0967736,320,1665461118,0,GPS1_Frame,42.337215423583984,-71.08686828613281,8.399999618530273,328082.1875,4689327.5,19,T,4
1665533119.0943859,321,1665461119,0,GPS1_Frame,42.33721923828125,-71.08686828613281,8.399999618530273,328082.28125,4689327.5,19,T,4
1665533120.1109905,322,1665461120,0,GPS1_Frame,42.337223052978516,-71.08686828613281,8.399999618530273,328082.3125,4689328.0,19,T,4
1665533121.0925968,323,1665461121,0,GPS1_Frame,42.33722686767578,-71.08686828613281,8.300000190734863,328082.3125,4689328.5,19,T,4
1665533122.1099079,324,1665461122,0,GPS1_Frame,42.33723068237305,-71.08686828613281,8.300000190734863,328082.3125,4689329.0,19,T,4
1665533123.1097317,325,1665461123,0,GPS1_Frame,42.33723449707031,-71.08686828613281,8.399999618530273,328082.21875,4689329.0,19,T,4
1665533124.132897,326,1665461124,0,GPS1_Frame,42.33723449707031,-71.08686828613281,8.300000190734863,328082.28125,4689329.5,19,T,4
1665533125.1048608,327,1665461125,0,GPS1_Frame,42.33723831176758,-71.08686828613281,8.300000190734863,328082.25,4689329.5,19,T,4
1665533126.109461,328,1665461126,0,GPS1_Frame,42.337242126464844,-71.08686828613281,8.300000190734863,328082.21875,4689330.0,19,T,4
1665533127.1005583,329,1665461127,0,GPS1_Frame,42.33724594116211,-71.08686828613281,8.300000190734863,328082.28125,4689330.5,19,T,4
1665533128.1029072,330,1665461128,0,GPS1_Frame,42.33724594116211,-71.08686828613281,8.399999618530273,328082.3125,4689330.5,19,T,4
1665533129.1017816,331,1665461129,0,GPS1_Frame,42.337249755859375,-71.08686828613281,8.399999618530273,328082.375,4689331.0,19,T,4
1665533130.1117516,332,1665461130,0,GPS1_Frame,42.33725357055664,-71.08686828613281,8.399999618530273,328082.5,4689331.5,19,T,4
1665533131.112157,333,1665461131,0,GPS1_Frame,42.337257385253906,-71.08686828613281,8.399999618530273,328082.625,4689331.5,19,T,4
1665533132.0947478,334,1665461132,0,GPS1_Frame,42.337257385253906,-71.08686828613281,8.399999618530273,328082.8125,4689332.0,19,T,4
1665533133.0891714,335,1665461133,0,GPS1_Frame,42.33726119995117,-71.08686065673828,8.399999618530273,328082.9375,4689332.0,19,T,4
1665533134.1069975,336,1665461134,0,GPS1_Frame,42.33726501464844,-71.08686065673828,8.300000190734863,328083.0,4689332.5,19,T,4
1665533135.0954733,337,1665461135,0,GPS1_Frame,42.3372688293457,-71.08686065673828,8.399999618530273,328083.15625,4689333.0,19,T,5
1665533136.1041906,338,1665461136,0,GPS1_Frame,42.3372688293457,-71.08686065673828,8.399999618530273,328083.1875,4689333.0,19,T,5
1665533137.1027625,339,1665461137,0,GPS1_Frame,42.33727264404297,-71.08686065673828,8.399999618530273,328083.25,4689333.5,19,T,5
1665533138.0952513,340,1665461138,0,GPS1_Frame,42.337276458740234,-71.08686065673828,8.399999618530273,328083.34375,4689333.5,19,T,5
1665533139.103573,341,1665461139,0,GPS1_Frame,42.337276458740234,-71.08686065673828,8.399999618530273,328083.375,4689334.0,19,T,5
1665533140.1039138,342,1665461140,0,GPS1_Frame,42.3372802734375,-71.08686065673828,8.399999618530273,328083.5,4689334.0,19,T,5
1665533141.0957415,343,1665461141,0,GPS1_Frame,42.3372802734375,-71.08685302734375,8.399999618530273,328083.65625,4689334.5,19,T,5
1665533142.086564,344,1665461142,0,GPS1_Frame,42.337284088134766,-71.08685302734375,8.300000190734863,328083.71875,4689334.5,19,T,5
1665533143.0976665,345,1665461143,0,GPS1_Frame,42.33728790283203,-71.08685302734375,8.300000190734863,328083.875,4689335.0,19,T,5
1665533144.0968063,346,1665461144,0,GPS1_Frame,42.33728790283203,-71.08685302734375,8.399999618530273,328084.03125,4689335.0,19,T,5
1665533145.092714,347,1665461145,0,GPS1_Frame,42.3372917175293,-71.08685302734375,8.300000190734863,328084.15625,4689335.5,19,T,4
1665533146.1062207,348,1665461146,0,GPS1_Frame,42.33729553222656,-71.08684539794922,8.300000190734863,328084.375,4689335.5,19,T,4
1665533147.0955284,349,1665461147,0,GPS1_Frame,42.33729553222656,-71.08684539794922,8.300000190734863,328084.5625,4689336.0,19,T,4
1665533148.1044486,350,1665461148,0,GPS1_Frame,42.33729934692383,-71.08684539794922,8.300000190734863,328084.65625,4689336.0,19,T,4
1665533149.1089954,351,1665461149,0,GPS1_Frame,42.33729934692383,-71.08683776855469,8.199999809265137,328084.875,4689336.5,19,T,4
1665533150.1114268,352,1665461150,0,GPS1_Frame,42.337303161621094,-71.08683776855469,8.199999809265137,328085.09375,4689337.0,19,T,4
1665533151.1169963,353,1665461151,0,GPS1_Frame,42.33730697631836,-71.08683776855469,8.300000190734863,328085.25,4689337.0,19,T,4
1665533152.112855,354,1665461152,0,GPS1_Frame,42.33730697631836,-71.08683776855469,8.199999809265137,328085.46875,4689337.5,19,T,5
1665533153.096929,355,1665461153,0,GPS1_Frame,42.337310791015625,-71.08683013916016,8.199999809265137,328085.75,4689337.5,19,T,5
1665533154.0989382,356,1665461154,0,GPS1_Frame,42.337310791015625,-71.08683013916016,8.199999809265137,328086.0,4689337.5,19,T,4
1665533155.0973015,357,1665461155,0,GPS1_Frame,42.33731460571289,-71.08682250976562,8.199999809265137,328086.3125,4689338.0,19,T,5
1665533156.1008074,358,1665461156,0,GPS1_Frame,42.33731460571289,-71.08682250976562,8.100000381469727,328086.6875,4689338.0,19,T,5
1665533157.100741,359,1665461157,0,GPS1_Frame,42.33731460571289,-71.0868148803711,8.199999809265137,328086.96875,4689338.0,19,T,5
1665533158.1051683,360,1665461158,0,GPS1_Frame,42.33731460571289,-71.0868148803711,8.199999809265137,328087.21875,4689338.0,19,T,5
1665533159.1001542,361,1665461159,0,GPS1_Frame,42.337318420410156,-71.08680725097656,8.300000190734863,328087.46875,4689338.5,19,T,5
1665533160.090531,362,1665461160,0,GPS1_Frame,42.337318420410156,-71.08680725097656,8.399999618530273,328087.71875,4689338.5,19,T,5
1665533161.1030273,363,1665461161,0,GPS1_Frame,42.33732223510742,-71.08680725097656,8.300000190734863,328087.9375,4689338.5,19,T,5
1665533162.1037872,364,1665461162,0,GPS1_Frame,42.33732223510742,-71.08679962158203,8.199999809265137,328088.28125,4689339.0,19,T,5
1665533163.0939746,365,1665461163,0,GPS1_Frame,42.33732604980469,-71.08679962158203,8.100000381469727,328088.6875,4689339.0,19,T,5
1665533164.101455,366,1665461164,0,GPS1_Frame,42.33732604980469,-71.0867919921875,8.199999809265137,328089.0,4689339.0,19,T,5
1665533165.0915449,367,1665461165,0,GPS1_Frame,42.33732604980469,-71.0867919921875,8.300000190734863,328089.25,4689339.5,19,T,5
1665533166.1031587,368,1665461166,0,GPS1_Frame,42.33732986450195,-71.08678436279297,8.399999618530273,328089.59375,4689339.5,19,T,5
1665533167.1040618,369,1665461167,0,GPS1_Frame,42.33732986450195,-71.08678436279297,8.300000190734863,328089.9375,4689339.5,19,T,5
1665533168.0961614,370,1665461168,0,GPS1_Frame,42.33732986450195,-71.08677673339844,8.100000381469727,328090.21875,4689340.0,19,T,5
1665533169.0985055,371,1665461169,0,GPS1_Frame,42.33733367919922,-71.08677673339844,8.199999809265137,328090.46875,4689340.0,19,T,5
1665533170.0916905,372,1665461170,0,GPS1_Frame,42.33733367919922,-71.0867691040039,8.300000190734863,328090.75,4689340.0,19,T,5
1665533171.1010087,373,1665461171,0,GPS1_Frame,42.33733367919922,-71.0867691040039,8.399999618530273,328090.96875,4689340.0,19,T,5
1665533172.1167831,374,1665461172,0,GPS1_Frame,42.33733367919922,-71.0867691040039,8.399999618530273,328091.1875,4689340.0,19,T,5
1665533173.107065,375,1665461173,0,GPS1_Frame,42.33733367919922,-71.08676147460938,8.399999618530273,328091.4375,4689340.0,19,T,5
1665533174.100878,376,1665461174,0,GPS1_Frame,42.337337493896484,-71.08676147460938,8.300000190734863,328091.65625,4689340.5,19,T,5
1665533175.101874,377,1665461175,0,GPS1_Frame,42.337337493896484,-71.08676147460938,8.300000190734863,328091.84375,4689340.5,19,T,5
1665533176.094655,378,1665461176,0,GPS1_Frame,42.337337493896484,-71.08675384521484,8.300000190734863,328091.9375,4689340.5,19,T,5
1665533177.1007633,379,1665461177,0,GPS1_Frame,42.337337493896484,-71.08675384521484,8.399999618530273,328092.15625,4689340.5,19,T,5
1665533178.0882208,380,1665461178,0,GPS1_Frame,42.337337493896484,-71.08674621582031,8.399999618530273,328092.53125,4689340.5,19,T,5
1665533179.0969028,381,1665461179,0,GPS1_Frame,42.33734130859375,-71.08674621582031,8.399999618530273,328092.75,4689340.5,19,T,5
1665533180.109461,382,1665461180,0,GPS1_Frame,42.33734130859375,-71.08674621582031,8.300000190734863,328092.96875,4689340.5,19,T,5
1665533181.095448,383,1665461181,0,GPS1_Frame,42.33734130859375,-71.08674621582031,8.5,328093.0625,4689340.5,19,T,5
1665533182.107992,384,1665461182,0,GPS1_Frame,42.33734130859375,-71.08673858642578,8.5,328093.25,4689340.5,19,T,5
1665533183.0977669,385,1665461183,0,GPS1_Frame,42.33734130859375,-71.08673858642578,8.5,328093.5,4689341.0,19,T,5
1665533184.1126854,386,1665461184,0,GPS1_Frame,42.33734130859375,-71.08673095703125,8.5,328093.8125,4689341.0,19,T,5
1665533185.103927,387,1665461185,0,GPS1_Frame,42.33734130859375,-71.08673095703125,8.600000381469727,328093.90625,4689341.0,19,T,5
1665533186.1153429,388,1665461186,0,GPS1_Frame,42.33734130859375,-71.08673095703125,8.800000190734863,328094.125,4689341.0,19,T,5
1665533187.090963,389,1665461187,0,GPS1_Frame,42.337345123291016,-71.08673095703125,8.899999618530273,328094.1875,4689341.0,19,T,5
1665533188.1001337,390,1665461188,0,GPS1_Frame,42.33734130859375,-71.08673095703125,8.899999618530273,328094.3125,4689341.0,19,T,5
1665533189.0874708,391,1665461189,0,GPS1_Frame,42.33734130859375,-71.08672332763672,9.0,328094.5625,4689341.0,19,T,5
1665533190.1037874,392,1665461190,0,GPS1_Frame,42.33734130859375,-71.08672332763672,9.199999809265137,328094.8125,4689341.0,19,T,5
1665533191.0992124,393,1665461191,0,GPS1_Frame,42.33734130859375,-71.08672332763672,9.399999618530273,328094.96875,4689341.0,19,T,5
1665533192.0940871,394,1665461192,0,GPS1_Frame,42.33734130859375,-71.08671569824219,9.399999618530273,328095.25,4689341.0,19,T,5
1665533193.10688,395,1665461193,0,GPS1_Frame,42.33734130859375,-71.08670806884766,9.300000190734863,328095.65625,4689341.0,19,T,5
1665533194.0965726,396,1665461194,0,GPS1_Frame,42.337345123291016,-71.08670806884766,9.199999809265137,328096.15625,4689341.0,19,T,5
1665533195.0971868,397,1665461195,0,GPS1_Frame,42.337345123291016,-71.08670043945312,9.199999809265137,328096.5,4689341.0,19,T,5
1665533196.0990403,398,1665461196,0,GPS1_Frame,42.33734130859375,-71.08670043945312,9.300000190734863,328096.6875,4689341.0,19,T,5
1665533197.0939808,399,1665461197,0,GPS1_Frame,42.33734130859375,-71.0866928100586,9.399999618530273,328096.96875,4689341.0,19,T,5
1665533198.1032386,400,1665461198,0,GPS1_Frame,42.33734130859375,-71.0866928100586,9.800000190734863,328097.09375,4689340.5,19,T,5
1665533199.0994418,401,1665461199,0,GPS1_Frame,42.337337493896484,-71.08670043945312,10.399999618530273,328096.8125,4689340.0,19,T,5
1665533200.1103218,402,1665461200,0,GPS1_Frame,42.33733367919922,-71.08670043945312,10.800000190734863,328096.78125,4689340.0,19,T,5
1665533201.1060727,403,1665461201,0,GPS1_Frame,42.33732986450195,-71.08670043945312,11.5,328096.5,4689339.5,19,T,5
1665533202.103055,404,1665461202,0,GPS1_Frame,42.33732604980469,-71.08670043945312,12.300000190734863,328096.34375,4689339.0,19,T,5
1665533203.1083233,405,1665461203,0,GPS1_Frame,42.33732223510742,-71.08670043945312,12.800000190734863,328096.375,4689338.5,19,T,5
1665533204.0946438,406,1665461204,0,GPS1_Frame,42.33732223510742,-71.08670043945312,12.899999618530273,328096.65625,4689338.5,19,T,5
1665533205.0949688,407,1665461205,0,GPS1_Frame,42.337318420410156,-71.08670043945312,13.300000190734863,328096.75,4689338.0,19,T,5
1665533206.103334,408,1665461206,0,GPS1_Frame,42.33731460571289,-71.08670043945312,13.5,328096.78125,4689338.0,19,T,5
1665533207.1017265,409,1665461207,0,GPS1_Frame,42.33731460571289,-71.0866928100586,13.600000381469727,328096.84375,4689337.5,19,T,5
1665533208.1044695,410,1665461208,0,GPS1_Frame,42.337310791015625,-71.0866928100586,13.300000190734863,328097.21875,4689337.5,19,T,5
1665533209.105061,411,1665461209,0,GPS1_Frame,42.337310791015625,-71.08668518066406,13.399999618530273,328097.53125,4689337.5,19,T,5
1665533210.110487,412,1665461210,0,GPS1_Frame,42.337310791015625,-71.08668518066406,13.399999618530273,328097.6875,4689337.0,19,T,5
1665533211.1042316,413,1665461211,0,GPS1_Frame,42.33730697631836,-71.08668518066406,13.600000381469727,328097.875,4689337.0,19,T,5
1665533212.1038308,414,1665461212,0,GPS1_Frame,42.33730697631836,-71.08667755126953,13.600000381469727,328098.09375,4689337.0,19,T,5
1665533213.0944924,415,1665461213,0,GPS1_Frame,42.33730697631836,-71.08667755126953,13.600000381469727,328098.34375,4689337.0,19,T,5
1665533214.1003807,416,1665461214,0,GPS1_Frame,42.33730697631836,-71.08667755126953,13.600000381469727,328098.46875,4689336.5,19,T,5
1665533215.1144788,417,1665461215,0,GPS1_Frame,42.337303161621094,-71.08667755126953,13.5,328098.625,4689336.5,19,T,5
1665533216.1123407,418,1665461216,0,GPS1_Frame,42.337303161621094,-71.086669921875,13.5,328098.71875,4689336.0,19,T,5
1665533217.1078506,419,1665461217,0,GPS1_Frame,42.33729934692383,-71.086669921875,13.5,328098.9375,4689336.0,19,T,5
1665533218.1162438,420,1665461218,0,GPS1_Frame,42.33729934692383,-71.086669921875,13.5,328099.0,4689336.0,19,T,5
1665533219.1064749,421,1665461219,0,GPS1_Frame,42.33729553222656,-71.086669921875,13.600000381469727,328099.03125,4689335.5,19,T,5
1665533220.1064353,422,1665461220,0,GPS1_Frame,42.33729553222656,-71.086669921875,13.600000381469727,328099.0625,4689335.5,19,T,2
1665533221.1072526,423,1665461221,0,GPS1_Frame,42.3372917175293,-71.086669921875,13.800000190734863,328099.0625,4689335.5,19,T,5
1665533222.1070888,424,1665461222,0,GPS1_Frame,42.3372917175293,-71.086669921875,14.0,328099.15625,4689335.0,19,T,5
1665533223.1015837,425,1665461223,0,GPS1_Frame,42.33728790283203,-71.086669921875,14.300000190734863,328099.09375,4689335.0,19,T,5
1665533224.1114233,426,1665461224,0,GPS1_Frame,42.33728790283203,-71.086669921875,14.5,328099.03125,4689334.5,19,T,5
1665533225.110661,427,1665461225,0,GPS1_Frame,42.33728790283203,-71.086669921875,14.699999809265137,328098.875,4689334.5,19,T,5
1665533226.118191,428,1665461226,0,GPS1_Frame,42.337284088134766,-71.086669921875,14.899999618530273,328098.71875,4689334.5,19,T,5
1665533227.1192372,429,1665461227,0,GPS1_Frame,42.337284088134766,-71.08667755126953,15.199999809265137,328098.5625,4689334.0,19,T,5
1665533228.1168995,430,1665461228,0,GPS1_Frame,42.337284088134766,-71.08667755126953,15.199999809265137,328098.375,4689334.0,19,T,5
1665533229.1081314,431,1665461229,0,GPS1_Frame,42.3372802734375,-71.08667755126953,15.300000190734863,328098.1875,4689334.0,19,T,5
1665533230.1085298,432,1665461230,0,GPS1_Frame,42.3372802734375,-71.08668518066406,15.5,328098.0,4689334.0,19,T,5
1665533231.1028333,433,1665461231,0,GPS1_Frame,42.3372802734375,-71.08668518066406,15.699999809265137,328097.78125,4689334.0,19,T,5
1665533232.1061618,434,1665461232,0,GPS1_Frame,42.3372802734375,-71.08668518066406,15.800000190734863,328097.625,4689334.0,19,T,5
1665533233.1092722,435,1665461233,0,GPS1_Frame,42.3372802734375,-71.08668518066406,15.899999618530273,328097.4375,4689334.0,19,T,5
1665533234.1041052,436,1665461234,0,GPS1_Frame,42.337276458740234,-71.0866928100586,15.899999618530273,328097.1875,4689333.5,19,T,5
1665533235.1098866,437,1665461235,0,GPS1_Frame,42.337276458740234,-71.0866928100586,16.0,328097.03125,4689333.5,19,T,5
1665533236.114811,438,1665461236,0,GPS1_Frame,42.33727264404297,-71.0866928100586,16.100000381469727,328096.8125,4689333.0,19,T,5
1665533237.1039717,439,1665461237,0,GPS1_Frame,42.33727264404297,-71.08670043945312,16.200000762939453,328096.5625,4689333.0,19,T,5
1665533238.113988,440,1665461238,0,GPS1_Frame,42.33727264404297,-71.08670043945312,16.299999237060547,328096.375,4689333.0,19,T,5
1665533239.0974407,441,1665461239,0,GPS1_Frame,42.3372688293457,-71.08670043945312,16.299999237060547,328096.15625,4689333.0,19,T,5
1665533240.11136,442,1665461240,0,GPS1_Frame,42.3372688293457,-71.08670806884766,16.399999618530273,328095.9375,4689332.5,19,T,5
1665533241.1002748,443,1665461241,0,GPS1_Frame,42.3372688293457,-71.08670806884766,16.5,328095.75,4689332.5,19,T,5
1665533242.1119566,444,1665461242,0,GPS1_Frame,42.33726501464844,-71.08670806884766,16.600000381469727,328095.59375,4689332.5,19,T,5
1665533243.0988157,445,1665461243,0,GPS1_Frame,42.33726501464844,-71.08670806884766,16.600000381469727,328095.46875,4689332.0,19,T,5
1665533244.1204803,446,1665461244,0,GPS1_Frame,42.33726119995117,-71.08671569824219,16.600000381469727,328095.21875,4689332.0,19,T,5
1665533245.104339,447,1665461245,0,GPS1_Frame,42.33726119995117,-71.08671569824219,16.5,328095.0,4689332.0,19,T,5
1665533246.1112823,448,1665461246,0,GPS1_Frame,42.337257385253906,-71.08672332763672,16.399999618530273,328094.78125,4689331.5,19,T,5
1665533247.1028686,449,1665461247,0,GPS1_Frame,42.337257385253906,-71.08672332763672,16.200000762939453,328094.59375,4689331.5,19,T,5
1665533248.1058288,450,1665461248,0,GPS1_Frame,42.33725357055664,-71.08672332763672,16.100000381469727,328094.40625,4689331.0,19,T,5
1665533249.1023452,451,1665461249,0,GPS1_Frame,42.33725357055664,-71.08673095703125,16.100000381469727,328094.15625,4689331.0,19,T,5
1665533250.1037717,452,1665461250,0,GPS1_Frame,42.337249755859375,-71.08673095703125,16.0,328093.90625,4689330.5,19,T,5
1665533251.1014798,453,1665461251,0,GPS1_Frame,42.337249755859375,-71.08673095703125,16.0,328093.6875,4689330.5,19,T,5
1665533252.1157458,454,1665461252,0,GPS1_Frame,42.33724594116211,-71.08673858642578,16.0,328093.5,4689330.5,19,T,5
1665533253.1032336,455,1665461253,0,GPS1_Frame,42.33724594116211,-71.08673858642578,16.0,328093.28125,4689330.0,19,T,5
1665533254.1009834,456,1665461254,0,GPS1_Frame,42.33724594116211,-71.08673858642578,16.0,328093.0625,4689330.0,19,T,5
1665533255.1184535,457,1665461255,0,GPS1_Frame,42.337242126464844,-71.08674621582031,16.100000381469727,328092.84375,4689330.0,19,T,5
1665533256.1014493,458,1665461256,0,GPS1_Frame,42.337242126464844,-71.08674621582031,16.200000762939453,328092.5625,4689329.5,19,T,5
1665533257.1000292,459,1665461257,0,GPS1_Frame,42.33723831176758,-71.08674621582031,16.200000762939453,328092.34375,4689329.5,19,T,5
1665533258.0919423,460,1665461258,0,GPS1_Frame,42.33723449707031,-71.08675384521484,16.299999237060547,328092.0625,4689329.0,19,T,5
1665533259.092723,461,1665461259,0,GPS1_Frame,42.33723449707031,-71.08675384521484,16.299999237060547,328091.78125,4689329.0,19,T,5
1665533260.0973594,462,1665461260,0,GPS1_Frame,42.33723068237305,-71.08676147460938,16.200000762939453,328091.5625,4689328.5,19,T,5
1665533261.094971,463,1665461261,0,GPS1_Frame,42.33723068237305,-71.08676147460938,16.100000381469727,328091.3125,4689328.5,19,T,5
1665533262.0965214,464,1665461262,0,GPS1_Frame,42.33722686767578,-71.08676147460938,16.100000381469727,328091.09375,4689328.0,19,T,5
1665533263.0932622,465,1665461263,0,GPS1_Frame,42.33722686767578,-71.0867691040039,16.100000381469727,328090.8125,4689328.0,19,T,5
1665533264.1021597,466,1665461264,0,GPS1_Frame,42.337223052978516,-71.0867691040039,16.100000381469727,328090.5625,4689328.0,19,T,5
1665533265.0894966,467,1665461265,0,GPS1_Frame,42.337223052978516,-71.08677673339844,16.100000381469727,328090.28125,4689327.5,19,T,5
1665533266.1042023,468,1665461266,0,GPS1_Frame,42.33721923828125,-71.08677673339844,16.100000381469727,328089.90625,4689327.5,19,T,5
1665533267.0905461,469,1665461267,0,GPS1_Frame,42.33721923828125,-71.08677673339844,16.0,328089.6875,4689327.0,19,T,5
1665533268.0879323,470,1665461268,0,GPS1_Frame,42.337215423583984,-71.08678436279297,16.0,328089.4375,4689327.0,19,T,5
1665533269.0900853,471,1665461269,0,GPS1_Frame,42.337215423583984,-71.08678436279297,16.100000381469727,328089.1875,4689326.5,19,T,5
1665533270.1016676,472,1665461270,0,GPS1_Frame,42.33721160888672,-71.0867919921875,16.100000381469727,328088.875,4689326.5,19,T,5
1665533271.0959122,473,1665461271,0,GPS1_Frame,42.33721160888672,-71.0867919921875,16.100000381469727,328088.5625,4689326.5,19,T,5
1665533272.101334,474,1665461272,0,GPS1_Frame,42.33720779418945,-71.08679962158203,16.0,328088.28125,4689326.0,19,T,5
1665533273.1059897,475,1665461273,0,GPS1_Frame,42.33720397949219,-71.08679962158203,16.100000381469727,328087.96875,4689326.0,19,T,5
1665533274.1013737,476,1665461274,0,GPS1_Frame,42.33720397949219,-71.08680725097656,16.200000762939453,328087.6875,4689325.5,19,T,5
1665533275.1066527,477,1665461275,0,GPS1_Frame,42.33720016479492,-71.08680725097656,16.299999237060547,328087.4375,4689325.0,19,T,5
1665533276.1036131,478,1665461276,0,GPS1_Frame,42.337196350097656,-71.0868148803711,16.299999237060547,328087.09375,4689325.0,19,T,5
1665533277.0940163,479,1665461277,0,GPS1_Frame,42.337196350097656,-71.0868148803711,16.100000381469727,328086.75,4689325.0,19,T,5
1665533278.0971167,480,1665461278,0,GPS1_Frame,42.337196350097656,-71.0868148803711,16.0,328086.46875,4689324.5,19,T,5
1665533279.1170225,481,1665461279,0,GPS1_Frame,42.33719253540039,-71.08682250976562,15.899999618530273,328086.1875,4689324.5,19,T,5
1665533280.1066968,482,1665461280,0,GPS1_Frame,42.33719253540039,-71.08682250976562,16.0,328086.0,4689324.5,19,T,5
1665533281.1028752,483,1665461281,0,GPS1_Frame,42.337188720703125,-71.08683013916016,15.899999618530273,328085.75,4689324.0,19,T,5
1665533282.1016245,484,1665461282,0,GPS1_Frame,42.33718490600586,-71.08683013916016,15.899999618530273,328085.5,4689323.5,19,T,5
1665533283.1044002,485,1665461283,0,GPS1_Frame,42.337181091308594,-71.08683013916016,15.800000190734863,328085.25,4689323.5,19,T,5
1665533284.11296,486,1665461284,0,GPS1_Frame,42.337181091308594,-71.08683776855469,15.699999809265137,328084.90625,4689323.0,19,T,5
1665533285.1119206,487,1665461285,0,GPS1_Frame,42.33717727661133,-71.08683776855469,15.800000190734863,328084.65625,4689323.0,19,T,5
1665533286.1002758,488,1665461286,0,GPS1_Frame,42.33717727661133,-71.08684539794922,15.800000190734863,328084.34375,4689322.5,19,T,5
1665533287.0995815,489,1665461287,0,GPS1_Frame,42.33717727661133,-71.08684539794922,15.800000190734863,328084.03125,4689322.5,19,T,5
1665533288.1118803,490,1665461288,0,GPS1_Frame,42.33717346191406,-71.08685302734375,15.600000381469727,328083.6875,4689322.5,19,T,5
1665533289.1028335,491,1665461289,0,GPS1_Frame,42.33717346191406,-71.08685302734375,15.699999809265137,328083.3125,4689322.5,19,T,5
1665533290.100542,492,1665461290,0,GPS1_Frame,42.33717346191406,-71.08686065673828,15.800000190734863,328082.90625,4689322.5,19,T,5
1665533291.1026297,493,1665461291,0,GPS1_Frame,42.33717346191406,-71.08686828613281,15.800000190734863,328082.4375,4689322.5,19,T,5
1665533292.1080296,494,1665461292,0,GPS1_Frame,42.33717727661133,-71.08686828613281,15.800000190734863,328082.125,4689323.0,19,T,5
1665533293.0928197,495,1665461293,0,GPS1_Frame,42.33717727661133,-71.08687591552734,15.800000190734863,328081.71875,4689323.0,19,T,5
1665533294.1053536,496,1665461294,0,GPS1_Frame,42.337181091308594,-71.08688354492188,15.800000190734863,328081.375,4689323.5,19,T,5
1665533295.093001,497,1665461295,0,GPS1_Frame,42.33718490600586,-71.08688354492188,15.699999809265137,328081.09375,4689323.5,19,T,5
1665533296.100095,498,1665461296,0,GPS1_Frame,42.337188720703125,-71.08688354492188,15.699999809265137,328080.96875,4689324.0,19,T,5
1665533297.094283,499,1665461297,0,GPS1_Frame,42.33719253540039,-71.08688354492188,15.699999809265137,328080.90625,4689324.5,19,T,5
1665533298.0979593,500,1665461298,0,GPS1_Frame,42.337196350097656,-71.0868911743164,15.699999809265137,328080.6875,4689325.0,19,T,5
1665533299.1002138,501,1665461299,0,GPS1_Frame,42.33720016479492,-71.0868911743164,15.600000381469727,328080.5,4689325.5,19,T,5
1665533300.1062973,502,1665461300,0,GPS1_Frame,42.33720397949219,-71.0868911743164,15.600000381469727,328080.34375,4689326.0,19,T,5
1665533301.0948527,503,1665461301,0,GPS1_Frame,42.33720779418945,-71.0868911743164,15.600000381469727,328080.21875,4689326.0,19,T,5
1665533302.1003573,504,1665461302,0,GPS1_Frame,42.33721160888672,-71.0868911743164,15.5,328080.25,4689326.5,19,T,5
1665533303.097502,505,1665461303,0,GPS1_Frame,42.337215423583984,-71.08689880371094,15.600000381469727,328080.1875,4689327.0,19,T,5
1665533304.091443,506,1665461304,0,GPS1_Frame,42.33721923828125,-71.08689880371094,15.600000381469727,328080.1875,4689327.5,19,T,5
1665533305.096522,507,1665461305,0,GPS1_Frame,42.337223052978516,-71.0868911743164,15.600000381469727,328080.28125,4689328.0,19,T,5
1665533306.0999155,508,1665461306,0,GPS1_Frame,42.33722686767578,-71.0868911743164,15.5,328080.3125,4689328.5,19,T,5
1665533307.1031337,509,1665461307,0,GPS1_Frame,42.33723068237305,-71.0868911743164,15.5,328080.375,4689329.0,19,T,5
1665533308.1025212,510,1665461308,0,GPS1_Frame,42.33723449707031,-71.0868911743164,15.5,328080.46875,4689329.0,19,T,5
1665533309.0963914,511,1665461309,0,GPS1_Frame,42.33723831176758,-71.0868911743164,15.5,328080.40625,4689329.5,19,T,5
1665533310.107637,512,1665461310,0,GPS1_Frame,42.337242126464844,-71.0868911743164,15.5,328080.5625,4689330.0,19,T,5
1665533311.1050794,513,1665461311,0,GPS1_Frame,42.33724594116211,-71.0868911743164,15.5,328080.6875,4689330.5,19,T,5
1665533312.1029642,514,1665461312,0,GPS1_Frame,42.337249755859375,-71.0868911743164,15.399999618530273,328080.65625,4689331.0,19,T,5
1665533313.0978513,515,1665461313,0,GPS1_Frame,42.33725357055664,-71.0868911743164,15.5,328080.75,4689331.5,19,T,5
1665533314.1069937,516,1665461314,0,GPS1_Frame,42.337257385253906,-71.0868911743164,15.5,328080.78125,4689332.0,19,T,5
1665533315.1132267,517,1665461315,0,GPS1_Frame,42.33726119995117,-71.0868911743164,15.600000381469727,328080.875,4689332.5,19,T,5
1665533316.0987175,518,1665461316,0,GPS1_Frame,42.33726501464844,-71.08688354492188,15.5,328081.125,4689332.5,19,T,5
